{
  "k-NN": {
    "accuracy": 0.6238095238095238,
    "macro_f1": 0.6310172713554977,
    "per_class": {
      "empate": {
        "precision": 0.6875,
        "recall": 1.0,
        "f1": 0.8148148148148148,
        "support": 11.0
      },
      "o vence": {
        "precision": 0.5277777777777778,
        "recall": 0.9047619047619048,
        "f1": 0.6666666666666666,
        "support": 42.0
      },
      "possibilidade de fim de jogo": {
        "precision": 0.4074074074074074,
        "recall": 0.25,
        "f1": 0.30985915492957744,
        "support": 44.0
      },
      "tem jogo": {
        "precision": 0.7755102040816326,
        "recall": 0.6551724137931034,
        "f1": 0.7102803738317757,
        "support": 58.0
      },
      "x vence": {
        "precision": 0.717391304347826,
        "recall": 0.6,
        "f1": 0.6534653465346535,
        "support": 55.0
      }
    }
  },
  "MLP": {
    "accuracy": 0.4380952380952381,
    "macro_f1": 0.3563528984456087,
    "per_class": {
      "empate": {
        "precision": 0.0,
        "recall": 0.0,
        "f1": 0.0,
        "support": 11.0
      },
      "o vence": {
        "precision": 0.2857142857142857,
        "recall": 0.5238095238095238,
        "f1": 0.3697478991596639,
        "support": 42.0
      },
      "possibilidade de fim de jogo": {
        "precision": 0.34,
        "recall": 0.38636363636363635,
        "f1": 0.3617021276595745,
        "support": 44.0
      },
      "tem jogo": {
        "precision": 0.7916666666666666,
        "recall": 0.6551724137931034,
        "f1": 0.7169811320754716,
        "support": 58.0
      },
      "x vence": {
        "precision": 0.42857142857142855,
        "recall": 0.2727272727272727,
        "f1": 0.3333333333333333,
        "support": 55.0
      }
    }
  },
  "DecisionTree": {
    "accuracy": 0.5047619047619047,
    "macro_f1": 0.5058406165457775,
    "per_class": {
      "empate": {
        "precision": 0.5384615384615384,
        "recall": 0.6363636363636364,
        "f1": 0.5833333333333334,
        "support": 11.0
      },
      "o vence": {
        "precision": 0.391304347826087,
        "recall": 0.42857142857142855,
        "f1": 0.4090909090909091,
        "support": 42.0
      },
      "possibilidade de fim de jogo": {
        "precision": 0.2765957446808511,
        "recall": 0.29545454545454547,
        "f1": 0.2857142857142857,
        "support": 44.0
      },
      "tem jogo": {
        "precision": 0.6888888888888889,
        "recall": 0.5344827586206896,
        "f1": 0.6019417475728155,
        "support": 58.0
      },
      "x vence": {
        "precision": 0.6271186440677966,
        "recall": 0.6727272727272727,
        "f1": 0.6491228070175439,
        "support": 55.0
      }
    }
  },
  "RandomForest": {
    "accuracy": 0.6428571428571429,
    "macro_f1": 0.671399239370129,
    "per_class": {
      "empate": {
        "precision": 0.7857142857142857,
        "recall": 1.0,
        "f1": 0.88,
        "support": 11.0
      },
      "o vence": {
        "precision": 0.5531914893617021,
        "recall": 0.6190476190476191,
        "f1": 0.5842696629213483,
        "support": 42.0
      },
      "possibilidade de fim de jogo": {
        "precision": 0.4166666666666667,
        "recall": 0.45454545454545453,
        "f1": 0.43478260869565216,
        "support": 44.0
      },
      "tem jogo": {
        "precision": 0.8163265306122449,
        "recall": 0.6896551724137931,
        "f1": 0.7476635514018691,
        "support": 58.0
      },
      "x vence": {
        "precision": 0.7307692307692307,
        "recall": 0.6909090909090909,
        "f1": 0.7102803738317757,
        "support": 55.0
      }
    }
  }
}